,state,month,positiveIncrease,covid_change,population,covid_percap,weighted_pax,weighted_percap
0,AK,4,104,-0.6350877192982456,737438,0.0001410288051334485,25.35191173329094,3.43783636499488e-05
1,AK,5,276,1.6538461538461537,737438,0.00037426875208492106,60.6276390613451,8.221387975849509e-05
2,AK,6,915,2.3152173913043477,737438,0.0012407822759337055,329.10564700341877,0.00044628246307271764
3,AK,7,2498,1.7300546448087433,737438,0.0033874034156091766,738.5841669304407,0.0010015542553142647
4,AK,8,2272,-0.09047237790232188,737438,0.0030809369736845673,501.8661290160244,0.0006805536587699907
5,AK,9,3864,0.7007042253521127,737438,0.005239762529188894,563.6365469023808,0.0007643171994152468
6,AL,4,7092,0.8325581395348838,4887871,0.0014509384556179981,21.034026890420083,4.303310560041393e-06
7,AL,5,14647,1.0652848279751832,4887871,0.0029966011787135954,55.46253620944815,1.1346972170388324e-05
8,AL,6,31640,1.1601693179490682,4887871,0.006473165924387121,232.43932567812973,4.755430854826769e-05
9,AL,7,49054,0.5503792667509482,4887871,0.010035862239408527,438.409542964075,8.96933538066113e-05
10,AL,8,33150,-0.324214131365434,4887871,0.006782093880955533,298.8969792884612,6.115075035500347e-05
11,AL,9,28518,-0.1397285067873303,4887871,0.005834442030078126,340.96832708682,6.97580453917094e-05
12,AR,4,2756,0.8773841961852862,3013825,0.0009144525644322415,14.367829372187275,4.7673071170978e-06
13,AR,5,8265,1.998911465892598,3013825,0.0027423622804907386,44.906531635127244,1.4900178887336606e-05
14,AR,6,17232,1.0849364791288565,3013825,0.0057176511575821425,232.29121866901025,7.707521792705623e-05
15,AR,7,22659,0.31493732590529255,3013825,0.0075183529236103625,420.41406370390996,0.00013949518094246016
16,AR,8,18235,-0.1952425084955205,3013825,0.0060504508390500445,253.58507951860906,8.414061185324598e-05
17,AR,9,24619,0.35009596928982734,3013825,0.008168689290187717,258.1855142040966,8.566705571959108e-05
18,AZ,4,8868,1.3373748023194518,7171646,0.0012365362149777052,188.6682171710815,2.630751952495724e-05
19,AZ,5,23017,1.595511953089761,7171646,0.003209444526403004,466.97692848335623,6.511433058510644e-05
20,AZ,6,92406,3.01468479819264,7171646,0.012884908150792719,1618.6825684511305,0.00022570586563407208
21,AZ,7,63624,-0.3114732809557821,7171646,0.008871603534251411,2681.9502975084897,0.00037396579495257987
22,AZ,8,17004,-0.7327423613730668,7171646,0.0023710038113983873,1958.8607827009102,0.0002731396366609437
23,AZ,9,18910,0.11209127264173135,7171646,0.0026367726460564283,2545.6577713576853,0.0003549614372150668
24,CA,4,49826,1.1582777440873255,39557045,0.0012595986378658973,585.8943570978832,1.481137827908741e-05
25,CA,5,75691,0.5191064905872436,39557045,0.0019134644663169355,1313.5654636988338,3.3206865267585934e-05
26,CA,6,187653,1.479198319483162,39557045,0.004743857889283692,6025.181765283582,0.0001523162755277494
27,CA,7,264567,0.4098735431887579,39557045,0.006688239730748341,11288.622767329882,0.0002853757849538529
28,CA,8,156703,-0.4077001288898464,39557045,0.0039614435304760505,7460.600260680163,0.00018860357897512725
29,CA,9,97294,-0.3791184597614595,39557045,0.0024595871607699716,8219.07149296791,0.00020777769150774308
30,CO,4,12897,0.6513444302176696,5695564,0.002264393833516751,140.46503073174435,2.4662181081934002e-05
31,CO,5,8292,-0.3570597813444987,5695564,0.0014558698664434285,453.59724054630425,7.964044307926383e-05
32,CO,6,8556,0.03183791606367592,5695564,0.0015022217290508895,2550.4024783105956,0.00044778751995598604
33,CO,7,14852,0.7358578775128566,5695564,0.00260764342214397,4870.7594912155,0.000855184752768207
34,CO,8,9161,-0.3831807164018314,5695564,0.0016084447475263205,3493.4922225645914,0.000613370725456617
35,CO,9,19078,1.082523741949569,5695564,0.0033496243743376423,3737.261371464146,0.0006561705515843814
36,CT,4,21475,0.5363428244384032,3572665,0.006010919019835333,14.221569355129658,3.980661314489228e-06
37,CT,5,9624,-0.5518509895227008,3572665,0.0026937874107983814,51.776813714474294,1.4492490539827914e-05
38,CT,6,2442,-0.7462593516209477,3572665,0.00068352336421131,431.7161750756638,0.00012083869466509281
39,CT,7,3367,0.3787878787878789,3572665,0.0009424337294428669,532.0782447336572,0.0001489303488386561
40,CT,8,3998,0.18740718740718743,3572665,0.0011190525839954208,280.69610022177335,7.856770792161408e-05
41,CT,9,6966,0.7423711855927964,3572665,0.0019498049775167837,227.88633821065312,6.378609195394842e-05
42,FL,4,21624,0.07667795259908394,21299325,0.001015243440813265,601.4978538233518,2.8240230797142717e-05
43,FL,5,31523,0.4577783943766185,21299325,0.0014799999530501554,1672.8310988013977,7.853916022227924e-05
44,FL,6,213540,5.774101449735114,21299325,0.010025669827564958,4834.819843855685,0.00022699404060249256
45,FL,7,270515,0.26681183853142265,21299325,0.012700637226766577,9665.608164027057,0.0004537988017942849
46,FL,8,100866,-0.6271334306785206,21299325,0.0047356430309411215,6522.5546623491455,0.00030623292814909136
47,FL,9,74196,-0.26441020760216527,21299325,0.0034834906740002325,7560.4409881888705,0.00035496152991650536
48,GA,4,21635,0.5282192554919827,10519475,0.0020566615729397143,229.54765162010148,2.1821207961433576e-05
49,GA,5,21823,0.008689623295585758,10519475,0.0020745331872550673,403.23215238831705,3.833196546294535e-05
50,GA,6,66282,2.0372542730147094,10519475,0.006300884787501277,1691.546208085537,0.00016080139057182387
51,GA,7,107932,0.6283757279502731,10519475,0.010260207852578194,3328.01618961263,0.0003163671371064269
52,GA,8,63442,-0.4122039802838825,10519475,0.006030909337205516,2299.841194749926,0.000218626993718786
53,GA,9,39264,-0.38110400050439774,10519475,0.0037325056621171685,2615.86884833108,0.0002486691444517031
54,HI,4,134,-0.7330677290836654,1420491,9.433357902302795e-05,15.858447535311823,1.1164060550409557e-05
55,HI,5,85,-0.3656716417910447,1420491,5.983846430565206e-05,36.74526043717978,2.586799947143613e-05
56,HI,6,520,5.117647058823529,1420491,0.0003660706051639891,219.54579730335186,0.00015455627476932402
57,HI,7,3069,4.901923076923077,1420491,0.0021605205524005433,734.4794631394197,0.0005170602722153253
58,HI,8,6522,1.1251221896383186,1420491,0.004591370167076032,525.411073186806,0.0003698799029256827
59,HI,9,2939,-0.5493713584789941,1420491,0.002069002901109546,200.61395253748577,0.00014122859809564844
60,IA,4,11776,5.257173219978746,3156145,0.0037311340258448203,11.78026509690829,3.7324853886333767e-06
61,IA,5,10251,-0.12950067934782605,3156145,0.003247949634760127,57.08149489187327,1.8085827771497594e-05
62,IA,6,11923,0.16310603843527471,3156145,0.003777709832723148,286.9394586147806,9.091453612390451e-05
63,IA,7,15083,0.2650339679610836,3156145,0.0047789312594953655,462.17277894072635,0.00014643585099566919
64,IA,8,21944,0.4548829808393555,3156145,0.006952785756040993,257.1204877735091,8.146662709524091e-05
65,IA,9,24508,0.11684287276704342,3156145,0.007765169217510602,243.21766766038166,7.706162665542352e-05
66,ID,4,871,-0.399724328049621,1754208,0.0004965203670260312,16.514527723464475,9.414235782452522e-06
67,ID,5,1075,0.23421354764638336,1754208,0.0006128121636658823,58.421781454267844,3.330379376577227e-05
68,ID,6,8003,6.444651162790698,1754208,0.004562172786807494,299.6149251051154,0.00017079783304209956
69,ID,7,15229,0.9029114082219167,1754208,0.008681410642295554,533.9321360514169,0.0003043721930645721
70,ID,8,8648,-0.43213605620854945,1754208,0.0049298600850070234,360.6337440962608,0.00020558208838191412
71,ID,9,13968,0.6151711378353377,1754208,0.007962567722869808,367.2852939087638,0.00020937385641198978
72,IL,4,64690,1.788241886125598,12741080,0.005077277593422222,155.79787590524066,1.2227996049411875e-05
73,IL,5,45467,-0.2971556654815273,12741080,0.003568535791314394,478.3728792778832,3.754570878433251e-05
74,IL,6,23234,-0.4889920161875646,12741080,0.0018235502798820823,3053.805814182536,0.00023968186481699636
75,IL,7,47385,1.0394680210037013,12741080,0.0037190724805118563,4763.249693797067,0.000373849759502104
76,IL,8,60816,0.28344412788857243,12741080,0.004773221736304929,2604.1013953678716,0.00020438623690989083
77,IL,9,65804,0.08201789002893967,12741080,0.005164711311756931,2643.93831325517,0.00020751288848788095
78,IN,4,17526,1.0589755639097747,6691878,0.0026189957437956876,30.87271704698333,4.613460832218299e-06
79,IN,5,13856,-0.2094031724295332,6691878,0.0020705697264654255,143.2577787724673,2.140770928167957e-05
80,IN,6,12776,-0.07794457274826794,6691878,0.0019091800537905802,919.6898777203146,0.00013743374845152806
81,IN,7,25947,1.030917345021916,6691878,0.003877386886013164,1503.1062919311416,0.0002246165115280257
82,IN,8,27908,0.07557713801210153,6691878,0.004170428689823694,664.9190801434074,9.93621043514851e-05
83,IN,9,32729,0.17274616597391423,6691878,0.004890854256458351,647.9092918206051,9.682024863881335e-05
84,KS,4,6042,3.2549295774647886,2911505,0.002075215395474162,6.339231214355298,2.1773039078948164e-06
85,KS,5,3579,-0.40764647467725923,2911505,0.0012292611553131455,24.568298350029767,8.438350045776932e-06
86,KS,6,9011,1.5177423861413804,2911505,0.003094962914369029,135.65566228313287,4.6592969025687014e-05
87,KS,7,13827,0.5344578848074575,2911505,0.004749090247140225,208.5338486154653,7.162407367168021e-05
88,KS,8,16014,0.1581688001735735,2911505,0.005500248153446414,127.3457144267626,4.3738792970220764e-05
89,KS,9,19256,0.20244785812414134,2911505,0.006613761611262903,139.16045386513113,4.779674218836345e-05
90,KY,4,5032,1.4739429695181907,4468402,0.0011261296544044157,29.761433599696108,6.660419899484449e-06
91,KY,5,5365,0.06617647058823528,4468402,0.0012006529403576491,145.9865545197816,3.2670864107522465e-05
92,KY,6,7778,0.4497670083876981,4468402,0.0017406670214542021,984.2688473760076,0.00022027311942300794
93,KY,7,18075,1.323862175366418,4468402,0.004045070251065146,1639.2513042415158,0.00036685403512072453
94,KY,8,18984,0.05029045643153518,4468402,0.004248498680288837,768.0188465906735,0.00017187774210795573
95,KY,9,25731,0.35540455120101133,4468402,0.00575843444703498,751.1237106762575,0.00016809671794889035
96,LA,4,11971,-0.4423533796059067,4659978,0.002568896248008038,40.110878978923395,8.60752539581161e-06
97,LA,5,13130,0.09681730849553083,4659978,0.002817609868544444,114.72864499500812,2.461999713196245e-05
98,LA,6,35423,1.6978674790555979,4659978,0.007601538033012173,567.7783481934432,0.0001218414224688278
99,LA,7,54695,0.5440532987042317,4659978,0.011737179875098123,1271.0667964186057,0.00027276240283078713
100,LA,8,22145,-0.5951183837645123,4659978,0.004752168357876368,763.4551011419022,0.00016383234022604876
101,LA,9,17327,-0.21756604199593588,4659978,0.00371825789735488,784.7630988132854,0.00016840489350234815
102,MA,4,54073,0.9262940401125717,6902149,0.007834226702437169,59.96210284895379,8.687454131887589e-06
103,MA,5,23421,-0.5668633144083,6902149,0.003393290988067629,162.3654871280347,2.3523903515852045e-05
104,MA,6,6527,-0.7213184748729773,6902149,0.000945647507754469,1213.5238415668773,0.00017581826204662887
105,MA,7,10401,0.5935345487973036,6902149,0.0015069219745908122,2156.933342405833,0.0003125017067011786
106,MA,8,2549,-0.7549274108258821,6902149,0.0003693052699963446,1128.8656792775564,0.00016355278323860532
107,MA,9,15912,5.242448018830914,6902149,0.0023053689510324975,991.1388899386,0.00014359859370445348
108,MD,4,26431,1.7981156044886726,6042718,0.004374025066203652,29.02034529563915,4.8025317904358845e-06
109,MD,5,25798,-0.02394915061859182,6042718,0.004269270881083645,124.01322317380962,2.0522755351782032e-05
110,MD,6,12559,-0.513179316226064,6042718,0.002078369369545294,1065.4746705651373,0.00017632374546770798
111,MD,7,24615,0.9599490405287046,6042718,0.004073498051704548,2038.1356457261222,0.00033728789689112124
112,MD,8,17771,-0.27804184440381885,6042718,0.0029408951402332528,1075.8617396084553,0.00017804268536252316
113,MD,9,16272,-0.08435090878397389,6042718,0.0026928279625162053,1042.5696411114982,0.00017253322778119023
114,ME,4,831,0.13679890560875507,1338404,0.0006208887600455468,7.09691636808145,5.302521785710032e-06
115,ME,5,1228,0.4777376654632972,1338404,0.0009175107067821076,25.952930800112732,1.939095430087831e-05
116,ME,6,773,-0.37052117263843654,1338404,0.0005775535637968805,149.81876236577534,0.00011193837015264101
117,ME,7,549,-0.2897800776196636,1338404,0.0004101900472503071,302.5760063357243,0.0002260722519775227
118,ME,8,788,0.43533697632058277,1338404,0.0005887609421370527,207.90103646312176,0.00015533503819707784
119,ME,9,913,0.15862944162436543,1338404,0.0006821557616384889,198.27590640720555,0.0001481435399230767
120,MI,4,23423,-0.2653912498039831,9995915,0.0023432572205746047,94.3294275737264,9.43679768922869e-06
121,MI,5,9018,-0.6149938095034795,9995915,0.0009021685358468935,232.04610312036561,2.3214093269137004e-05
122,MI,6,11810,0.30960301618984243,9995915,0.0011814826356566657,1413.8483352832866,0.00014144261283567203
123,MI,7,22860,0.9356477561388654,9995915,0.0022869342126258575,2694.6681871351548,0.0002695769408938706
124,MI,8,23563,0.030752405949256323,9995915,0.002357262941911771,1627.7809219870494,0.0001628446142236153
125,MI,9,30168,0.2803123541145016,9995915,0.003018032866425935,1544.192127696658,0.00015448231879689432
126,MN,4,14400,5.9397590361445785,5611179,0.002566305583906698,82.18610947225751,1.4646852198487611e-05
127,MN,5,13906,-0.03430555555555559,5611179,0.002478267045125454,173.00921592739823,3.083295256262512e-05
128,MN,6,12699,-0.08679706601466997,5611179,0.002263160736807719,896.6375129459244,0.00015979485112592638
129,MN,7,20553,0.6184738955823292,5611179,0.0036628665740301635,1646.931012064082,0.0002935089064284141
130,MN,8,21226,0.03274461149223962,5611179,0.003782805716944692,1169.8523081582916,0.00020848600769255297
131,MN,9,30994,0.4601903326109489,5611179,0.0055236163380280685,1182.846056955104,0.00021080169728235438
132,MO,4,5631,0.2026911576249466,6126452,0.0009191290489177096,62.970756261164844,1.027850316319541e-05
133,MO,5,5493,-0.024507192328183325,6126452,0.0008966037765414631,221.87789623395045,3.621637715172672e-05
134,MO,6,13016,1.369561259785181,6126452,0.0021245575742697403,1468.2303211017743,0.0002396542601005891
135,MO,7,36444,1.7999385371850032,6126452,0.0059486306266661355,2402.311800687245,0.0003921212148054445
136,MO,8,38809,0.06489408407419606,6126452,0.006334661562679345,1348.0278142207756,0.00022003401221796492
137,MO,9,44600,0.1492179649050478,6126452,0.007279906869424587,1252.3572944903754,0.00020441803746938281
138,MS,4,7396,1.400519311911717,2986530,0.0024764526055321727,10.264358248981047,3.4368843604387187e-06
139,MS,5,9033,0.22133585722011895,2986530,0.0030245803658426333,21.754766143213022,7.284295199851675e-06
140,MS,6,18026,0.9955717923170597,2986530,0.006035767261671572,81.80947471265186,2.7392818660000692e-05
141,MS,7,33388,0.8522134694330412,2986530,0.011179529420431069,145.82845694300735,4.882872663023889e-05
142,MS,8,19088,-0.42829759194920336,2986530,0.00639136389053517,105.07581945394745,3.518324592552141e-05
143,MS,9,16799,-0.11991827326068738,2986530,0.005624922569001483,124.69572587527219,4.175271163365919e-05
144,MT,4,63,-0.8401015228426396,1062305,5.930500185916474e-05,12.039975469630281,1.1333821708106693e-05
145,MT,5,139,1.2063492063492065,1062305,0.00013084754378450635,54.77116486406039,5.1558794191932064e-05
146,MT,6,1351,8.719424460431656,1062305,0.0012717628176465328,312.7346844063246,0.00029439255619273616
147,MT,7,3589,1.6565507031828277,1062305,0.0033785024075006706,786.3360668826624,0.0007402168556889617
148,MT,8,3566,-0.006408470325996118,1062305,0.0033568513750758962,508.0250352265054,0.0004782289787080974
149,MT,9,11103,2.113572630398205,1062305,0.010451800565750891,506.8164288815593,0.00047709125804882717
150,NC,4,11483,1.2961407718456308,10383620,0.001105876370668418,122.02211229909456,1.1751403874476778e-05
151,NC,5,27612,1.404598101541409,10383620,0.002659188221448782,324.06648713903326,3.1209393943444894e-05
152,NC,6,45365,0.6429450963349268,10383620,0.004368900248660872,1404.2991938044154,0.00013524177442976682
153,NC,7,52686,0.16137991843932542,10383620,0.005073953014459312,2771.7214918591694,0.00026693209996698353
154,NC,8,43611,-0.1722468967088031,10383620,0.0041999803536724185,1675.3570139144213,0.00016134614074036043
155,NC,9,50626,0.16085391300359997,10383620,0.004875563628098871,1906.7135455295036,0.00018362705352560125
156,ND,4,1366,3.0176470588235293,760077,0.001797186337699996,9.95777518268064,1.3101008427673302e-05
157,ND,5,1369,0.002196193265007418,760077,0.001801133306230816,37.08038063619382,4.878503182729358e-05
158,ND,6,1409,0.029218407596786067,760077,0.0018537595533084149,149.0945005470769,0.00019615710059254116
159,ND,7,3822,1.7125621007806955,760077,0.0050284379082645575,241.31550231766002,0.00031748823121560053
160,ND,8,7494,0.9607535321821037,760077,0.00985952738998812,153.72480531620178,0.0002022489896631549
161,ND,9,13025,0.7380571123565518,760077,0.017136421704643082,157.4153162879639,0.00020710443321921842
162,NE,4,8204,8.572928821470246,1929268,0.004252390025647033,14.40387746428918,7.465980602119135e-06
163,NE,5,7558,-0.07874207703559244,1929268,0.00391754800266215,53.48636953232748,2.7723659715668056e-05
164,NE,6,4766,-0.3694098967980948,1929268,0.0024703669992971427,315.1640859683067,0.00016335941194707356
165,NE,7,8261,0.7333193453629878,1929268,0.004281934910028052,524.498390205766,0.00027186393502912293
166,NE,8,8675,0.05011499818423926,1929268,0.004496524070269139,301.08227272631683,0.00015606036731357012
167,NE,9,15208,0.7530835734870318,1929268,0.007882782485377875,321.4199149944039,0.0001666020039695905
168,NH,4,2279,1.2497532082922014,1356458,0.0016801109949589298,6.192193248134247,4.564972338350504e-06
169,NH,5,2000,-0.12242211496270294,1356458,0.0014744282535839664,25.010194083053765,1.8437868391836507e-05
170,NH,6,769,-0.6154999999999999,1356458,0.0005669176635030351,145.23458266109657,0.00010706898603649842
171,NH,7,853,0.1092327698309492,1356458,0.0006288436501535617,214.48426074843474,0.00015812082699828136
172,NH,8,793,-0.07033997655334112,1356458,0.0005846108025460427,115.26227656151549,8.497297856735372e-05
173,NH,9,1635,1.0617906683480456,1356458,0.0012053450973048927,96.60670320618206,7.12198263463978e-05
174,NJ,4,74001,0.07644081110173673,8908520,0.008306767005069304,38.74156972232191,4.348822219888591e-06
175,NJ,5,24636,-0.6670855799245956,8908520,0.002765442520194151,116.16968406977914,1.3040289977434989e-05
176,NJ,6,9977,-0.5950235427829194,8908520,0.0011199391144657025,1151.5403444792064,0.0001292628118339754
177,NJ,7,12510,0.25388393304600587,8908520,0.0014042736616183158,2399.864838954512,0.0002693898469054918
178,NJ,8,11103,-0.11247002398081529,8908520,0.0012463349692204766,1578.874165168386,0.00017723192687094894
179,NJ,9,21697,0.9541565342700171,8908520,0.002435533623991415,1321.7860236981915,0.00014837324535368294
180,NM,4,4096,1.938307030129125,2095428,0.001954731921115877,13.083575920180058,6.24386804040991e-06
181,NM,5,4220,0.0302734375,2095428,0.0020139083757590333,38.21776670943718,1.8238644663255992e-05
182,NM,6,5791,0.3722748815165877,2095428,0.002763635877729991,225.9854213117106,0.00010784690350215356
183,NM,7,7646,0.3203246416853738,2095428,0.0036488965500126942,344.06694891280733,0.00016419888868183843
184,NM,8,3682,-0.5184410149097567,2095428,0.0017571589193234032,210.83823537040317,0.00010061821993903067
185,NM,9,7448,1.0228136882129277,2095428,0.0035544051143728155,266.3202989976099,0.00012709589592083806
186,NV,4,3411,0.11689587426326131,3034392,0.001124113166657439,95.85839517660122,3.1590643257891933e-05
187,NV,5,4674,0.3702726473175022,3034392,0.0015403415247601496,303.83678164127275,0.00010013102514153502
188,NV,6,18446,2.946512623020967,3034392,0.006078977271229294,1770.208739165758,0.0005833816920047766
189,NV,7,30130,0.6334164588528679,3034392,0.009929501527818423,4203.309302759407,0.0013852229055307972
190,NV,8,14065,-0.5331895121141719,3034392,0.004635195452663993,2870.43649338272,0.0009459675919863749
191,NV,9,13500,-0.0401706363313189,3034392,0.004448996701810445,3028.6215699817153,0.0009980983241393055
192,NY,4,140843,-0.3016892176646454,19542209,0.007207117680503776,99.05801953550183,5.068926421547422e-06
193,NY,5,40273,-0.7140574966452007,19542209,0.002060821271535884,293.9719587256015,1.5042923690233868e-05
194,NY,6,19851,-0.5070891167779903,19542209,0.001015801233115458,2418.517449976709,0.0001237586523599614
195,NY,7,20992,0.057478212684499486,19542209,0.0010741876724376452,3182.0879229733205,0.00016283153675069795
196,NY,8,20781,-0.01005144817073167,19542209,0.0010633905307224991,1891.53078025137,9.679206584329183e-05
197,NY,9,32992,0.5876040614022424,19542209,0.0016882431254317258,1807.6480394853797,9.249967797833806e-05
198,OH,4,19077,1.6251548094124124,11689442,0.0016319855130809495,50.850504302244026,4.35012246968196e-06
199,OH,5,14791,-0.22466844891754467,11689442,0.0012653298592011492,191.73320952507822,1.6402255088401844e-05
200,OH,6,26847,0.8150902575890744,11689442,0.002296687900072561,1441.917298811538,0.00012335210686802142
201,OH,7,38562,0.4363616046485641,11689442,0.003298874317525165,2461.756950906881,0.00021059661794864808
202,OH,8,31927,-0.17206057777086248,11689442,0.0027312680964583255,1227.917638317086,0.00010504501740263444
203,OH,9,35181,0.10192000501143239,11689442,0.0030096389545369233,1127.6103459388269,9.646400109935332e-05
204,OK,4,2778,0.2743119266055045,3943079,0.0007045255750645625,27.810416377620275,7.052969615272804e-06
205,OK,5,3269,0.17674586033117357,3943079,0.0008290475539546634,95.31894484547172,2.4173734496689446e-05
206,OK,6,13507,3.1318446007953504,3943079,0.0034254956596101675,501.68098372114935,0.00012723077161810588
207,OK,7,25159,0.8626638039535055,3943079,0.0063805467757556975,862.0936576665488,0.00021863464000253325
208,OK,8,23326,-0.0728566318216145,3943079,0.005915681628493875,495.6537635555535,0.00012570221483149425
209,OK,9,32392,0.3886650090028294,3943079,0.00821490008189032,515.5884734056553,0.00013075783503339785
210,OR,4,1832,0.1788931788931789,4190713,0.0004371571138371919,64.15916773405185,1.5309845301754583e-05
211,OR,5,2119,0.15665938864628814,4190713,0.0005056418800333022,180.98633484968337,4.3187480233001726e-05
212,OR,6,6903,2.2576687116564416,4190713,0.0016472137318876286,967.5174672555503,0.00023087180326010164
213,OR,7,9862,0.42865420831522516,4190713,0.002353298830055888,1736.6566089144542,0.00041440599938827934
214,OR,8,7037,-0.28645305211924554,4190713,0.0016791891976377289,1121.524529936216,0.00026762141190203576
215,OR,9,8443,0.19980105158448191,4190713,0.00201469296513505,1117.1753038187362,0.00026658358704562596
216,PA,4,34291,0.35548264684955333,12807060,0.0026775075622352046,80.92240280391373,6.318577628582495e-06
217,PA,5,19162,-0.44119448251727855,12807060,0.0014962059988787434,299.4317761587647,2.3380211864297092e-05
218,PA,6,17873,-0.06726855234317919,12807060,0.00139555838732699,2033.3552787884637,0.00015876831050908356
219,PA,7,26279,0.47031835729871885,12807060,0.002051915115569069,3814.7405554041625,0.0002978623162071672
220,PA,8,22113,-0.15852962441493212,12807060,0.0017266257829665825,2188.7693657658187,0.00017090334282542744
221,PA,9,30859,0.3955139510695067,12807060,0.002409530368406176,1880.5638421050317,0.00014683805979709877
222,RI,4,8835,1.4699468828627342,1057315,0.008356071747776207,7.798882901190893,7.376120551766402e-06
223,RI,5,3673,-0.5842671194114317,1057315,0.003473893778107754,30.93108598977904,2.9254371677105724e-05
224,RI,6,1484,-0.5959705962428532,1057315,0.0014035552318845377,216.58797102965,0.00020484715626814147
225,RI,7,2747,0.8510781671159029,1057315,0.002598090446082766,285.17850198793667,0.00026971952728178136
226,RI,8,2795,0.017473607571896643,1057315,0.0026434884589739104,159.2339049376575,0.0001506021431055622
227,RI,9,4034,0.4432915921288014,1057315,0.003815324666726567,150.94684979696922,0.00014276431318667495
228,SC,4,4636,0.3096045197740114,5084127,0.000911857630621737,37.79854490759357,7.434618550558154e-06
229,SC,5,10606,1.2877480586712684,5084127,0.0020861005242394613,131.67141701708508,2.5898530272175554e-05
230,SC,6,41594,2.9217424099566283,5084127,0.00818114889734265,499.4384659243938,9.823485249766456e-05
231,SC,7,44452,0.06871183343751497,5084127,0.00874329063770437,987.7720461340957,0.00019428547833956464
232,SC,8,27839,-0.3737289660757671,5084127,0.005475669667575181,694.9074012093863,0.00013668175504061688
233,SC,9,27129,-0.02550378964761668,5084127,0.005336019340193508,757.8297087943162,0.00014905798159532918
234,SD,4,2804,1.86414708886619,882235,0.003178291498296939,6.474209903190708,7.338418792261368e-06
235,SD,5,2106,-0.2489300998573466,882235,0.002387119078250126,31.665440815493437,3.589229719461758e-05
236,SD,6,1674,-0.20512820512820518,882235,0.0018974536263013822,152.31533462425625,0.00017264712307294116
237,SD,7,2452,0.4647550776583034,882235,0.0027793048337461106,271.9756593383982,0.00030828028738193137
238,SD,8,6777,1.7638662316476346,882235,0.007681626777445919,169.53644758161312,0.0001921669935806368
239,SD,9,13414,0.9793418916924892,882235,0.015204565676945486,167.14717870095126,0.0001894587935198119
240,TN,4,10876,0.8780866862372647,6770010,0.001606496888483178,68.10917879873718,1.0060425139510454e-05
241,TN,5,13733,0.26268848841485837,6770010,0.0020285051277619975,253.01396990199677,3.73727616210311e-05
242,TN,6,36356,1.647345809364305,6770010,0.005370154549254728,1502.3875983794758,0.00022191807669109438
243,TN,7,63670,0.7512927714820112,6770010,0.009404712843851044,2448.044988168149,0.0003616013843654808
244,TN,8,43816,-0.31182660593686196,6770010,0.006472073157942159,1357.4260483326589,0.00020050576710117988
245,TN,9,46264,0.05587000182581714,6770010,0.0068336678970932095,1519.565595676513,0.00022445544329720535
246,TX,4,29227,1.0015751266949735,28701845,0.0010182969073939323,383.77810079901207,1.3371199684167065e-05
247,TX,5,44003,0.505559927464331,28701845,0.0015331070180331613,1113.6782713985358,3.880162656437368e-05
248,TX,6,183720,3.1751698747812647,28701845,0.006400982236507792,5110.890598332666,0.00017806836453658872
249,TX,7,249019,0.35542673633790556,28701845,0.008676062462186664,9221.255775632271,0.0003212774570983946
250,TX,8,142811,-0.42650560800581483,28701845,0.0049756731666553144,6027.442114462617,0.00021000190456267243
251,TX,9,141678,-0.007933562540700656,28701845,0.004936198352405568,6652.412014824617,0.0002317764594863019
252,UT,4,4337,0.8025768911055695,3161105,0.0013719885925965762,75.46739895898047,2.387374002413095e-05
253,UT,5,7564,0.7440627161632465,3161105,0.0023928341513489745,175.04552379625193,5.537478944744067e-05
254,UT,6,16165,1.1370967741935485,3161105,0.0051137181460280505,824.9160985036375,0.00026095814549141437
255,UT,7,15498,-0.041261985771729015,3161105,0.004902715980646008,1480.416314680275,0.0004683224108912153
256,UT,8,12462,-0.1958962446767325,3161105,0.003942292331320851,1007.8321489623934,0.00031882273729040746
257,UT,9,30525,1.4494463168030816,3161105,0.009656433430714892,1061.1283291251004,0.0003356827214297217
258,VA,4,21642,2.524181729360039,8517685,0.0025408312235073263,93.71282367753406,1.1002147141803677e-05
259,VA,5,26693,0.23338878107383798,8517685,0.0031338327256760492,241.21716588039584,2.8319568742022727e-05
260,VA,6,17937,-0.3280260742516765,8517685,0.002105853879311104,1580.1268542276387,0.00018551130433065306
261,VA,7,32395,0.806043374031332,8517685,0.003803263445407995,2708.6398781293437,0.0003180018840951906
262,VA,8,29733,-0.08217317487266551,8517685,0.0034907372132216676,1737.0547937266072,0.00020393508256370214
263,VA,9,27039,-0.090606396932701,8517685,0.0031744540916927547,1758.9181133399775,0.0002065018973277337
264,VT,4,169,-0.7764550264550265,626299,0.00026983916627681026,2.268968049897869,3.6228192123855682e-06
265,VT,5,195,0.15384615384615374,626299,0.00031135288416555033,7.896553694119645,1.260828085965273e-05
266,VT,6,180,-0.07692307692307687,626299,0.00028740266230666185,43.429740286555756,6.934346100912783e-05
267,VT,7,196,0.0888888888888888,626299,0.0003129495656228096,67.24768563913861,0.0001073731327036106
268,VT,8,194,-0.010204081632653073,626299,0.0003097562027082911,49.097041798969265,7.839233624669569e-05
269,VT,9,199,0.025773195876288568,626299,0.0003177396099945873,48.959927634177404,7.817340860224495e-05
270,WA,4,7666,-0.2237748076144188,7535591,0.0010173057428408735,130.31894711071894,1.7293792498918657e-05
271,WA,5,8873,0.15744847378032878,7535591,0.0011774789794191324,353.51522396193013,4.691274034935417e-05
272,WA,6,17735,0.9987602840076637,7535591,0.0023534982193168393,1805.6395030216884,0.00023961484945529666
273,WA,7,23010,0.29743445164928106,7535591,0.0030535096716369026,3149.1363206669657,0.000417901704148615
274,WA,8,14340,-0.37679269882659716,7535591,0.0019029695215677178,2071.7631998424004,0.00027493042016776126
275,WA,9,15808,0.10237099023709906,7535591,0.0020977783958816237,2104.444280988639,0.00027926731705431453
276,WI,4,8623,1.0419133317546767,5813568,0.0014832543456961371,29.13075756701983,5.010822539105044e-06
277,WI,5,12471,0.44624840542734545,5813568,0.0021451542323062188,95.07433077875513,1.6353869220890703e-05
278,WI,6,16009,0.2836981797770828,5813568,0.0027537305833525987,594.0657112805537,0.00010218607768595013
279,WI,7,27332,0.7072896495721157,5813568,0.004701415722668076,928.8978249960692,0.0001597810200200753
280,WI,8,26816,-0.018878969705839355,5813568,0.004612657837665269,572.3431061219754,9.844954185140269e-05
281,WI,9,71585,1.6694883651551313,5813568,0.01231343643008906,532.2070219646382,9.154567762252686e-05
282,WV,4,787,0.22968750000000004,1805832,0.00043581019718334817,1.960564140308838,1.0856846818025365e-06
283,WV,5,862,0.09529860228716647,1805832,0.00047734229983741565,13.295631705109319,7.362607211030328e-06
284,WV,6,2118,1.45707656612529,1805832,0.0011728665789508658,111.85824916367159,6.194277715959823e-05
285,WV,7,3867,0.8257790368271956,1805832,0.0021413952128437196,164.83621795960426,9.127992967208703e-05
286,WV,8,4546,0.17558831135246966,1805832,0.0025173991822052106,58.1427442984286,3.219720566388712e-05
287,WV,9,5998,0.31940167179938417,1805832,0.003321460689587957,46.28662940601323,2.563174725335094e-05
288,WY,4,318,-0.16535433070866146,577737,0.0005504234625789935,2.3431183804648583,4.055683434616198e-06
289,WY,5,359,0.12893081761006298,577737,0.0006213900096410651,9.941081028591768,1.7206931577156677e-05
290,WY,6,891,1.4818941504178271,577737,0.0015422242300562367,77.49494340435253,0.0001341353304433549
291,WY,7,1232,0.382716049382716,577737,0.0021324581946456605,257.9447310708082,0.0004464743145597533
292,WY,8,1209,-0.018668831168831224,577737,0.0020926476926352304,182.17207711771496,0.00031532008010169845
293,WY,9,3785,2.130686517783292,577737,0.006551423917803429,173.68906122719548,0.0003006369009206533
